θtrue,utils,dekwargs,param_comb,gitcommit,script,obs_model,obs_params,θprior,path
"(S₀ = 0.6, β = 1.25, α = 0.2)","Any[-1.4972398321155822e-16, 0.001043043350434481, 0.03424130054044778, 0.13470663143437211, 0.2436796121848614, 0.3348112446665046, 0.3725120465323115, 0.40969187659587225, 0.430535888072536, 0.45147278080020126, 0.4955379241361685, 0.5279817828628366, 0.5656666517300758, 0.6029703679914883, 0.6367355202833362]","(saveat = 2, save_idxs = 2)","(:S₀, :α)",5d4741fc44080a9c5d69a651d9f23963fcec89f4,scripts/increasing-tspan.jl#58,neg_binom,"(r = 1, n = 10)","(S₀ = Uniform{Float64}(a=0.1, b=0.9), β = Uniform{Float64}(a=0.3, b=3.0), α = Uniform{Float64}(a=0.05, b=0.3))","/home/brendaisy/OneDrive/Bren/Documents/optimal-test-design/data/sims/increasing-tspan/obs_model=neg_binom || obs_params=(r=1, n=10) || param_comb=(:S₀, :α) || θtrue=(S₀=0.6, β=1.25, α=0.2).jld2"
"(S₀ = 0.6, β = 1.25, α = 0.2)","Any[-1.5151942200919421e-16, 0.04729216185059646, 0.14194488338406677, 0.28374483518419313, 0.43106876202860067, 0.5664687248878306, 0.6747268519311488, 0.7067489701386336, 0.7272840367511023, 0.7551317310430179, 0.7944505049498223, 0.822028260829875, 0.8321114665468028, 0.85415985953399, 0.8910138957815663]","(saveat = 2, save_idxs = 2)","(:S₀, :β)",06fe95b31a777b3a301482e42e4c6777572b2caa,scripts/increasing-tspan.jl#57,neg_binom,"(r = 1, n = 10)","(S₀ = Uniform{Float64}(a=0.1, b=0.9), β = Uniform{Float64}(a=0.3, b=3.0), α = Uniform{Float64}(a=0.05, b=0.3))","/home/brendaisy/OneDrive/Bren/Documents/optimal-test-design/data/sims/increasing-tspan/obs_model=neg_binom || obs_params=(r=1, n=10) || param_comb=(:S₀, :β) || θtrue=(S₀=0.6, β=1.25, α=0.2).jld2"
"(S₀ = 0.6, β = 1.25, α = 0.2)","Any[-1.5022878774306747e-16, 0.042352443845376286, 0.13285503154247896, 0.2559919987254998, 0.4087049561879135, 0.522144844360345, 0.5918282640698042, 0.6254769988655158, 0.6672210106046712, 0.701666813972601, 0.7659532516837564, 0.8251794223942555, 0.9036147904651988, 0.9384800039738775, 1.0072579163766364]","(saveat = 2, save_idxs = 2)","(:S₀, :β, :α)",06fe95b31a777b3a301482e42e4c6777572b2caa,scripts/increasing-tspan.jl#57,neg_binom,"(r = 1, n = 10)","(S₀ = Uniform{Float64}(a=0.1, b=0.9), β = Uniform{Float64}(a=0.3, b=3.0), α = Uniform{Float64}(a=0.05, b=0.3))","/home/brendaisy/OneDrive/Bren/Documents/optimal-test-design/data/sims/increasing-tspan/obs_model=neg_binom || obs_params=(r=1, n=10) || param_comb=(:S₀, :β, :α) || θtrue=(S₀=0.6, β=1.25, α=0.2).jld2"
"(S₀ = 0.6, β = 1.25, α = 0.2)","Any[-1.4981245410883304e-16, 0.062044345637007295, 0.1843729430777721, 0.25222665470743205, 0.29599398234937246, 0.35656403744923154, 0.3841815313575998, 0.42121790635233436, 0.46041006486884967, 0.49259926545308735, 0.5565165158906729, 0.6287985900322236, 0.6923975319675146, 0.7494485689738204, 0.8059558098689574]","(saveat = 2, save_idxs = 2)","(:β, :α)",06fe95b31a777b3a301482e42e4c6777572b2caa,scripts/increasing-tspan.jl#57,neg_binom,"(r = 1, n = 10)","(S₀ = Uniform{Float64}(a=0.1, b=0.9), β = Uniform{Float64}(a=0.3, b=3.0), α = Uniform{Float64}(a=0.05, b=0.3))","/home/brendaisy/OneDrive/Bren/Documents/optimal-test-design/data/sims/increasing-tspan/obs_model=neg_binom || obs_params=(r=1, n=10) || param_comb=(:β, :α) || θtrue=(S₀=0.6, β=1.25, α=0.2).jld2"
"(S₀ = 0.6, β = 1.25, α = 0.2)","Any[2.3560320361326604e-16, 0.01635352245143548, 0.13593104055162628, 0.3112912166400404, 0.4629654495656715, 0.534678402135984, 0.5644317276397782, 0.6068353492559304, 0.6335251565636363, 0.6926180182068343, 0.7514311777818526, 0.8249659310201168, 0.90001550097935, 0.9875758010014324, 1.0960612602686455]","(saveat = 2, save_idxs = 2)","(:S₀, :α)",5d4741fc44080a9c5d69a651d9f23963fcec89f4,scripts/increasing-tspan.jl#58,neg_binom,"(r = 1, n = 100)","(S₀ = Uniform{Float64}(a=0.1, b=0.9), β = Uniform{Float64}(a=0.3, b=3.0), α = Uniform{Float64}(a=0.05, b=0.3))","/home/brendaisy/OneDrive/Bren/Documents/optimal-test-design/data/sims/increasing-tspan/obs_model=neg_binom || obs_params=(r=1, n=100) || param_comb=(:S₀, :α) || θtrue=(S₀=0.6, β=1.25, α=0.2).jld2"
"(S₀ = 0.6, β = 1.25, α = 0.2)","Any[2.3589463715723015e-16, 0.0841663296194792, 0.3070550837872015, 0.5690318938615188, 0.732338522533348, 0.8387826688811888, 0.9038794620365752, 0.9508542960829571, 1.0215352525502313, 1.0716564442099266, 1.1364367850585204, 1.1814452099306145, 1.231671764837067, 1.3057558922986137, 1.3646076556672972]","(saveat = 2, save_idxs = 2)","(:S₀, :β)",06fe95b31a777b3a301482e42e4c6777572b2caa,scripts/increasing-tspan.jl#57,neg_binom,"(r = 1, n = 100)","(S₀ = Uniform{Float64}(a=0.1, b=0.9), β = Uniform{Float64}(a=0.3, b=3.0), α = Uniform{Float64}(a=0.05, b=0.3))","/home/brendaisy/OneDrive/Bren/Documents/optimal-test-design/data/sims/increasing-tspan/obs_model=neg_binom || obs_params=(r=1, n=100) || param_comb=(:S₀, :β) || θtrue=(S₀=0.6, β=1.25, α=0.2).jld2"
"(S₀ = 0.6, β = 1.25, α = 0.2)","Any[2.338407245616736e-16, 0.09378863741840984, 0.2906160946529845, 0.5185159371700749, 0.6743276523549437, 0.7636064547583468, 0.8277306455726191, 0.8845124391475794, 0.949612039793721, 1.0403228733447114, 1.141138866755165, 1.2586885218168136, 1.375253865804389, 1.4845922788535435, 1.5790006655728046]","(saveat = 2, save_idxs = 2)","(:S₀, :β, :α)",06fe95b31a777b3a301482e42e4c6777572b2caa,scripts/increasing-tspan.jl#57,neg_binom,"(r = 1, n = 100)","(S₀ = Uniform{Float64}(a=0.1, b=0.9), β = Uniform{Float64}(a=0.3, b=3.0), α = Uniform{Float64}(a=0.05, b=0.3))","/home/brendaisy/OneDrive/Bren/Documents/optimal-test-design/data/sims/increasing-tspan/obs_model=neg_binom || obs_params=(r=1, n=100) || param_comb=(:S₀, :β, :α) || θtrue=(S₀=0.6, β=1.25, α=0.2).jld2"
"(S₀ = 0.6, β = 1.25, α = 0.2)","Any[2.3285540162731877e-16, 0.12816634145957864, 0.30880227714521324, 0.45501766366640833, 0.5332498872161879, 0.5790294566185457, 0.6117116212998404, 0.6566152194344598, 0.7386184568736509, 0.8222345270429114, 0.9397166261511865, 1.0590292750098813, 1.1737679751160648, 1.2736317078142956, 1.379050348162271]","(saveat = 2, save_idxs = 2)","(:β, :α)",06fe95b31a777b3a301482e42e4c6777572b2caa,scripts/increasing-tspan.jl#57,neg_binom,"(r = 1, n = 100)","(S₀ = Uniform{Float64}(a=0.1, b=0.9), β = Uniform{Float64}(a=0.3, b=3.0), α = Uniform{Float64}(a=0.05, b=0.3))","/home/brendaisy/OneDrive/Bren/Documents/optimal-test-design/data/sims/increasing-tspan/obs_model=neg_binom || obs_params=(r=1, n=100) || param_comb=(:β, :α) || θtrue=(S₀=0.6, β=1.25, α=0.2).jld2"
"(S₀ = 0.6, β = 1.25, α = 0.2)","Any[-5.556666238248908e-17, 0.021622345854221948, 0.17073468336283076, 0.35363709502232094, 0.492819881109901, 0.5516617827707581, 0.5929709396804814, 0.6146820154681707, 0.6407965180298331, 0.7016719050972279, 0.7579814614455941, 0.8647380590638875, 0.9613536987398098, 1.0671567833221611, 1.1802059740342214]","(saveat = 2, save_idxs = 2)","(:S₀, :α)",5d4741fc44080a9c5d69a651d9f23963fcec89f4,scripts/increasing-tspan.jl#58,neg_binom,"(r = 1, n = 1000)","(S₀ = Uniform{Float64}(a=0.1, b=0.9), β = Uniform{Float64}(a=0.3, b=3.0), α = Uniform{Float64}(a=0.05, b=0.3))","/home/brendaisy/OneDrive/Bren/Documents/optimal-test-design/data/sims/increasing-tspan/obs_model=neg_binom || obs_params=(r=1, n=1000) || param_comb=(:S₀, :α) || θtrue=(S₀=0.6, β=1.25, α=0.2).jld2"
"(S₀ = 0.6, β = 1.25, α = 0.2)","Any[-5.3235194030776254e-17, 0.11685489541659462, 0.40478473711986246, 0.6574252195121919, 0.8071559714379178, 0.9218977554120372, 1.0185331074499187, 1.0805451386244913, 1.1313224035161784, 1.1920035589826223, 1.2846713919060848, 1.3465492513009096, 1.4181671751152416, 1.4896675041333798, 1.5515985917384938]","(saveat = 2, save_idxs = 2)","(:S₀, :β)",4ffb0b2bac330f99c76f83fe70c54b9c8faf6bf8-dirty,scripts/increasing-tspan.jl#58,neg_binom,"(r = 1, n = 1000)","(S₀ = Uniform{Float64}(a=0.1, b=0.9), β = Uniform{Float64}(a=0.3, b=3.0), α = Uniform{Float64}(a=0.05, b=0.3))","/home/brendaisy/OneDrive/Bren/Documents/optimal-test-design/data/sims/increasing-tspan/obs_model=neg_binom || obs_params=(r=1, n=1000) || param_comb=(:S₀, :β) || θtrue=(S₀=0.6, β=1.25, α=0.2).jld2"
"(S₀ = 0.6, β = 1.25, α = 0.2)","Any[-5.0015547259363303e-17, 0.11625643460187393, 0.3514341531182557, 0.5927558359143572, 0.7203995152272555, 0.8200974912191936, 0.8804422063840478, 0.9228260413780457, 1.0014930926017924, 1.0995772870259415, 1.2110950129658293, 1.3172188575745645, 1.4330343639936822, 1.5800046775343426, 1.706089178251283]","(saveat = 2, save_idxs = 2)","(:S₀, :β, :α)",4ffb0b2bac330f99c76f83fe70c54b9c8faf6bf8-dirty,scripts/increasing-tspan.jl#58,neg_binom,"(r = 1, n = 1000)","(S₀ = Uniform{Float64}(a=0.1, b=0.9), β = Uniform{Float64}(a=0.3, b=3.0), α = Uniform{Float64}(a=0.05, b=0.3))","/home/brendaisy/OneDrive/Bren/Documents/optimal-test-design/data/sims/increasing-tspan/obs_model=neg_binom || obs_params=(r=1, n=1000) || param_comb=(:S₀, :β, :α) || θtrue=(S₀=0.6, β=1.25, α=0.2).jld2"
"(S₀ = 0.6, β = 1.25, α = 0.2)","Any[-5.3512749786932543e-17, 0.14785432267712437, 0.34390583994940765, 0.5029941836032944, 0.5943404812134632, 0.6335323010193165, 0.6734077982496871, 0.7046568797634842, 0.766314170769892, 0.8646294604607647, 1.0030416605417276, 1.1373492097445737, 1.278067323524513, 1.3970762621323358, 1.5174031136545536]","(saveat = 2, save_idxs = 2)","(:β, :α)",4ffb0b2bac330f99c76f83fe70c54b9c8faf6bf8-dirty,scripts/increasing-tspan.jl#58,neg_binom,"(r = 1, n = 1000)","(S₀ = Uniform{Float64}(a=0.1, b=0.9), β = Uniform{Float64}(a=0.3, b=3.0), α = Uniform{Float64}(a=0.05, b=0.3))","/home/brendaisy/OneDrive/Bren/Documents/optimal-test-design/data/sims/increasing-tspan/obs_model=neg_binom || obs_params=(r=1, n=1000) || param_comb=(:β, :α) || θtrue=(S₀=0.6, β=1.25, α=0.2).jld2"
"(S₀ = 0.6, β = 1.25, α = 0.2)","Any[-4.010680676458378e-16, 0.0016237107207375285, 0.06532844214547477, 0.29693273764098704, 0.5219274500092536, 0.6530674608552515, 0.7067892424432864, 0.7370756426568864, 0.7902496501002818, 0.8321219925497544, 0.8615117377288843, 0.9047399956379982, 0.9600883950430414, 1.0089882544879967, 1.0250485382576235]","(saveat = 2, save_idxs = 2)","(:S₀, :α)",5d4741fc44080a9c5d69a651d9f23963fcec89f4,scripts/increasing-tspan.jl#58,neg_binom,"(r = 10, n = 10)","(S₀ = Uniform{Float64}(a=0.1, b=0.9), β = Uniform{Float64}(a=0.3, b=3.0), α = Uniform{Float64}(a=0.05, b=0.3))","/home/brendaisy/OneDrive/Bren/Documents/optimal-test-design/data/sims/increasing-tspan/obs_model=neg_binom || obs_params=(r=10, n=10) || param_comb=(:S₀, :α) || θtrue=(S₀=0.6, β=1.25, α=0.2).jld2"
"(S₀ = 0.6, β = 1.25, α = 0.2)","Any[-4.0334402484631937e-16, 0.061005441523602905, 0.2241294823368043, 0.5065896492314672, 0.7579330184954974, 0.9323962067246397, 1.0417966298409764, 1.1187335089853665, 1.1677250216671278, 1.2120822060643135, 1.2225401397968025, 1.2746668838621023, 1.281844291942414, 1.3103512130463664, 1.3411650673288331]","(saveat = 2, save_idxs = 2)","(:S₀, :β)",06fe95b31a777b3a301482e42e4c6777572b2caa,scripts/increasing-tspan.jl#57,neg_binom,"(r = 10, n = 10)","(S₀ = Uniform{Float64}(a=0.1, b=0.9), β = Uniform{Float64}(a=0.3, b=3.0), α = Uniform{Float64}(a=0.05, b=0.3))","/home/brendaisy/OneDrive/Bren/Documents/optimal-test-design/data/sims/increasing-tspan/obs_model=neg_binom || obs_params=(r=10, n=10) || param_comb=(:S₀, :β) || θtrue=(S₀=0.6, β=1.25, α=0.2).jld2"
"(S₀ = 0.6, β = 1.25, α = 0.2)","Any[-4.032885136950881e-16, 0.06706747642369322, 0.24273859708615442, 0.5027870282825592, 0.7512748467733266, 0.9188689520007892, 1.0034351340029264, 1.073745421491644, 1.1572854983953111, 1.214436374475817, 1.3180711523155684, 1.3640696486279917, 1.4288132538609803, 1.4554664769872951, 1.5393864932440455]","(saveat = 2, save_idxs = 2)","(:S₀, :β, :α)",06fe95b31a777b3a301482e42e4c6777572b2caa,scripts/increasing-tspan.jl#57,neg_binom,"(r = 10, n = 10)","(S₀ = Uniform{Float64}(a=0.1, b=0.9), β = Uniform{Float64}(a=0.3, b=3.0), α = Uniform{Float64}(a=0.05, b=0.3))","/home/brendaisy/OneDrive/Bren/Documents/optimal-test-design/data/sims/increasing-tspan/obs_model=neg_binom || obs_params=(r=10, n=10) || param_comb=(:S₀, :β, :α) || θtrue=(S₀=0.6, β=1.25, α=0.2).jld2"
"(S₀ = 0.6, β = 1.25, α = 0.2)","Any[-4.041766921147882e-16, 0.08969038097323266, 0.30901140568855795, 0.4846846084250607, 0.6282831483969642, 0.7025452402393512, 0.755125373312858, 0.8417541370767314, 0.9198004237179739, 1.0317206476978866, 1.09313225370968, 1.159145864536681, 1.23734501002809, 1.307709779580573, 1.3396261169484334]","(saveat = 2, save_idxs = 2)","(:β, :α)",06fe95b31a777b3a301482e42e4c6777572b2caa,scripts/increasing-tspan.jl#57,neg_binom,"(r = 10, n = 10)","(S₀ = Uniform{Float64}(a=0.1, b=0.9), β = Uniform{Float64}(a=0.3, b=3.0), α = Uniform{Float64}(a=0.05, b=0.3))","/home/brendaisy/OneDrive/Bren/Documents/optimal-test-design/data/sims/increasing-tspan/obs_model=neg_binom || obs_params=(r=10, n=10) || param_comb=(:β, :α) || θtrue=(S₀=0.6, β=1.25, α=0.2).jld2"
"(S₀ = 0.6, β = 1.25, α = 0.2)","Any[1.712519015484304e-16, 0.07124300850518045, 0.5925558450956079, 1.0813106042658678, 1.2773882698584877, 1.3672003535864519, 1.4241504418751474, 1.5439098796095094, 1.7224377234770376, 1.8767234198739167, 2.03185573337177, 2.1693044258530643, 2.2549682023783424, 2.3771501842850076, 2.4472322626367013]","(saveat = 2, save_idxs = 2)","(:S₀, :α)",5d4741fc44080a9c5d69a651d9f23963fcec89f4,scripts/increasing-tspan.jl#58,neg_binom,"(r = 10, n = 100)","(S₀ = Uniform{Float64}(a=0.1, b=0.9), β = Uniform{Float64}(a=0.3, b=3.0), α = Uniform{Float64}(a=0.05, b=0.3))","/home/brendaisy/OneDrive/Bren/Documents/optimal-test-design/data/sims/increasing-tspan/obs_model=neg_binom || obs_params=(r=10, n=100) || param_comb=(:S₀, :α) || θtrue=(S₀=0.6, β=1.25, α=0.2).jld2"
"(S₀ = 0.6, β = 1.25, α = 0.2)","Any[1.6975310046518643e-16, 0.2991413753510394, 1.0238602248809934, 1.5362770721837218, 1.789265529614649, 1.971844408925833, 2.1408596608326427, 2.303300721425658, 2.4458053429390647, 2.5548444935932264, 2.643557049436773, 2.719902295133533, 2.7954429833666126, 2.809863132897981, 2.840565160605099]","(saveat = 2, save_idxs = 2)","(:S₀, :β)",06fe95b31a777b3a301482e42e4c6777572b2caa,scripts/increasing-tspan.jl#57,neg_binom,"(r = 10, n = 100)","(S₀ = Uniform{Float64}(a=0.1, b=0.9), β = Uniform{Float64}(a=0.3, b=3.0), α = Uniform{Float64}(a=0.05, b=0.3))","/home/brendaisy/OneDrive/Bren/Documents/optimal-test-design/data/sims/increasing-tspan/obs_model=neg_binom || obs_params=(r=10, n=100) || param_comb=(:S₀, :β) || θtrue=(S₀=0.6, β=1.25, α=0.2).jld2"
"(S₀ = 0.6, β = 1.25, α = 0.2)","Any[1.748046152272309e-16, 0.30007961462787663, 0.9874540842717913, 1.4573474949361676, 1.6885142032827016, 1.8671702008043345, 2.0951967265610483, 2.3001591214202244, 2.4962384063306344, 2.666269660859861, 2.8670371148494, 2.9857458399059538, 3.0909518060413217, 3.185243053549759, 3.298435269087964]","(saveat = 2, save_idxs = 2)","(:S₀, :β, :α)",06fe95b31a777b3a301482e42e4c6777572b2caa,scripts/increasing-tspan.jl#57,neg_binom,"(r = 10, n = 100)","(S₀ = Uniform{Float64}(a=0.1, b=0.9), β = Uniform{Float64}(a=0.3, b=3.0), α = Uniform{Float64}(a=0.05, b=0.3))","/home/brendaisy/OneDrive/Bren/Documents/optimal-test-design/data/sims/increasing-tspan/obs_model=neg_binom || obs_params=(r=10, n=100) || param_comb=(:S₀, :β, :α) || θtrue=(S₀=0.6, β=1.25, α=0.2).jld2"
"(S₀ = 0.6, β = 1.25, α = 0.2)","Any[1.7041923427996152e-16, 0.35786326514785877, 0.9778631532019758, 1.3599742157943888, 1.509650139249588, 1.5833743870461154, 1.7420630010726914, 1.963774607605877, 2.183682194690372, 2.3870577541348776, 2.514679206188204, 2.6606107351023596, 2.715323335975731, 2.813122181586365, 2.8538768929436453]","(saveat = 2, save_idxs = 2)","(:β, :α)",06fe95b31a777b3a301482e42e4c6777572b2caa,scripts/increasing-tspan.jl#57,neg_binom,"(r = 10, n = 100)","(S₀ = Uniform{Float64}(a=0.1, b=0.9), β = Uniform{Float64}(a=0.3, b=3.0), α = Uniform{Float64}(a=0.05, b=0.3))","/home/brendaisy/OneDrive/Bren/Documents/optimal-test-design/data/sims/increasing-tspan/obs_model=neg_binom || obs_params=(r=10, n=100) || param_comb=(:β, :α) || θtrue=(S₀=0.6, β=1.25, α=0.2).jld2"
"(S₀ = 0.6, β = 1.25, α = 0.2)","Any[0.0, 0.3247761041475117, 1.0117431067425975, 1.4101157328882397, 1.5469152453026132, 1.6284406546394004, 1.6975580933986156, 1.8565556612225214, 2.0961689936542243, 2.338198585056711, 2.5703467255841623, 2.748845545449093, 2.936079532758662, 3.0527268182070566, 3.188804310442305]","(saveat = 2, save_idxs = 2)","(:S₀, :α)",5d4741fc44080a9c5d69a651d9f23963fcec89f4,scripts/increasing-tspan.jl#58,neg_binom,"(r = 10, n = 1000)","(S₀ = Uniform{Float64}(a=0.1, b=0.9), β = Uniform{Float64}(a=0.3, b=3.0), α = Uniform{Float64}(a=0.05, b=0.3))","/home/brendaisy/OneDrive/Bren/Documents/optimal-test-design/data/sims/increasing-tspan/obs_model=neg_binom || obs_params=(r=10, n=1000) || param_comb=(:S₀, :α) || θtrue=(S₀=0.6, β=1.25, α=0.2).jld2"
"(S₀ = 0.6, β = 1.25, α = 0.2)","Any[0.0, 0.7317166178444912, 1.4899388816785033, 1.8273878604784781, 2.0868619301152123, 2.3182363693904438, 2.5539285084414223, 2.7449805834685104, 2.9039233048446684, 3.0509689367565334, 3.1980453326119735, 3.295241146898761, 3.386761267361846, 3.455821011980728, 3.536360424155422]","(saveat = 2, save_idxs = 2)","(:S₀, :β)",4ffb0b2bac330f99c76f83fe70c54b9c8faf6bf8-dirty,scripts/increasing-tspan.jl#58,neg_binom,"(r = 10, n = 1000)","(S₀ = Uniform{Float64}(a=0.1, b=0.9), β = Uniform{Float64}(a=0.3, b=3.0), α = Uniform{Float64}(a=0.05, b=0.3))","/home/brendaisy/OneDrive/Bren/Documents/optimal-test-design/data/sims/increasing-tspan/obs_model=neg_binom || obs_params=(r=10, n=1000) || param_comb=(:S₀, :β) || θtrue=(S₀=0.6, β=1.25, α=0.2).jld2"
"(S₀ = 0.6, β = 1.25, α = 0.2)","Any[0.0, 0.7049801971373258, 1.470649187065252, 1.8263108933253525, 2.0404238791474754, 2.258163338894712, 2.52005619385642, 2.8040870986053905, 3.0185647039524364, 3.240980889103287, 3.441409840288571, 3.6775117195201146, 3.897354009955524, 4.059663621429258, 4.272808589259397]","(saveat = 2, save_idxs = 2)","(:S₀, :β, :α)",4ffb0b2bac330f99c76f83fe70c54b9c8faf6bf8-dirty,scripts/increasing-tspan.jl#58,neg_binom,"(r = 10, n = 1000)","(S₀ = Uniform{Float64}(a=0.1, b=0.9), β = Uniform{Float64}(a=0.3, b=3.0), α = Uniform{Float64}(a=0.05, b=0.3))","/home/brendaisy/OneDrive/Bren/Documents/optimal-test-design/data/sims/increasing-tspan/obs_model=neg_binom || obs_params=(r=10, n=1000) || param_comb=(:S₀, :β, :α) || θtrue=(S₀=0.6, β=1.25, α=0.2).jld2"
"(S₀ = 0.6, β = 1.25, α = 0.2)","Any[0.0, 0.7421093738029244, 1.4370816219884128, 1.756361018260778, 1.883271583630587, 1.9659237916832508, 2.1643182427270657, 2.4601800490481303, 2.7495749274050056, 2.9969404463665015, 3.1876007682104146, 3.3402826554317913, 3.4734037404449674, 3.5867702551135485, 3.6597896293436873]","(saveat = 2, save_idxs = 2)","(:β, :α)",4ffb0b2bac330f99c76f83fe70c54b9c8faf6bf8-dirty,scripts/increasing-tspan.jl#58,neg_binom,"(r = 10, n = 1000)","(S₀ = Uniform{Float64}(a=0.1, b=0.9), β = Uniform{Float64}(a=0.3, b=3.0), α = Uniform{Float64}(a=0.05, b=0.3))","/home/brendaisy/OneDrive/Bren/Documents/optimal-test-design/data/sims/increasing-tspan/obs_model=neg_binom || obs_params=(r=10, n=1000) || param_comb=(:β, :α) || θtrue=(S₀=0.6, β=1.25, α=0.2).jld2"
"(S₀ = 0.6, β = 1.25, α = 0.2)","Any[-3.2780722580838526e-16, 0.0008791733526236932, 0.0670603448506626, 0.32778957113825175, 0.5804648799733879, 0.7165735000430771, 0.7654963564480809, 0.799680361755054, 0.8499140078526061, 0.8933310422681113, 0.9429228853320426, 0.9968523235590121, 1.035757670693959, 1.075636371417278, 1.118397722785604]","(saveat = 2, save_idxs = 2)","(:S₀, :α)",5d4741fc44080a9c5d69a651d9f23963fcec89f4,scripts/increasing-tspan.jl#58,poisson,"(n = 10,)","(S₀ = Uniform{Float64}(a=0.1, b=0.9), β = Uniform{Float64}(a=0.3, b=3.0), α = Uniform{Float64}(a=0.05, b=0.3))","/home/brendaisy/OneDrive/Bren/Documents/optimal-test-design/data/sims/increasing-tspan/obs_model=poisson || obs_params=(n=10,) || param_comb=(:S₀, :α) || θtrue=(S₀=0.6, β=1.25, α=0.2).jld2"
"(S₀ = 0.6, β = 1.25, α = 0.2)","Any[-3.245598234613567e-16, 0.0729116412147812, 0.25860671545871033, 0.579455783421359, 0.8746654450850838, 1.0728077297089262, 1.2019341324838373, 1.2515148401811294, 1.2829585651006077, 1.332212366613981, 1.3592865918281447, 1.3884570753379712, 1.4459242649623194, 1.4576981115269176, 1.4571558596122172]","(saveat = 2, save_idxs = 2)","(:S₀, :β)",2a08ceded5a0094ef0bec102f819a3cb1d4ad27b,scripts/increasing-tspan.jl#58,poisson,"(n = 10,)","(S₀ = Uniform{Float64}(a=0.1, b=0.9), β = Uniform{Float64}(a=0.3, b=3.0), α = Uniform{Float64}(a=0.05, b=0.3))","/home/brendaisy/OneDrive/Bren/Documents/optimal-test-design/data/sims/increasing-tspan/obs_model=poisson || obs_params=(n=10,) || param_comb=(:S₀, :β) || θtrue=(S₀=0.6, β=1.25, α=0.2).jld2"
"(S₀ = 0.6, β = 1.25, α = 0.2)","Any[-3.246951318924829e-16, 0.07725297247918785, 0.2804938011226135, 0.6123188414915602, 0.8879841555727582, 1.04679069850388, 1.1316219810647403, 1.2337878009873138, 1.313100975810297, 1.3779739769749917, 1.451293465668619, 1.5239145006832422, 1.5891778045419278, 1.6289294153502105, 1.685961244879036]","(saveat = 2, save_idxs = 2)","(:S₀, :β, :α)",2a08ceded5a0094ef0bec102f819a3cb1d4ad27b,scripts/increasing-tspan.jl#58,poisson,"(n = 10,)","(S₀ = Uniform{Float64}(a=0.1, b=0.9), β = Uniform{Float64}(a=0.3, b=3.0), α = Uniform{Float64}(a=0.05, b=0.3))","/home/brendaisy/OneDrive/Bren/Documents/optimal-test-design/data/sims/increasing-tspan/obs_model=poisson || obs_params=(n=10,) || param_comb=(:S₀, :β, :α) || θtrue=(S₀=0.6, β=1.25, α=0.2).jld2"
"(S₀ = 0.6, β = 1.25, α = 0.2)","Any[-3.278523286187607e-16, 0.09598720768759592, 0.3472260623360321, 0.5618968921970862, 0.7496668994778429, 0.8232502737511891, 0.881936632072124, 0.9769076760541041, 1.069447798079223, 1.18342875917022, 1.2690608049066987, 1.31485452257881, 1.3981229513809634, 1.4446813020674276, 1.4612878241603835]","(saveat = 2, save_idxs = 2)","(:β, :α)",2a08ceded5a0094ef0bec102f819a3cb1d4ad27b,scripts/increasing-tspan.jl#58,poisson,"(n = 10,)","(S₀ = Uniform{Float64}(a=0.1, b=0.9), β = Uniform{Float64}(a=0.3, b=3.0), α = Uniform{Float64}(a=0.05, b=0.3))","/home/brendaisy/OneDrive/Bren/Documents/optimal-test-design/data/sims/increasing-tspan/obs_model=poisson || obs_params=(n=10,) || param_comb=(:β, :α) || θtrue=(S₀=0.6, β=1.25, α=0.2).jld2"
"(S₀ = 0.6, β = 1.25, α = 0.2)","Any[-2.8199664825478977e-17, 0.09057188363624896, 0.8654274810670863, 1.5215237784645461, 1.797118753597029, 1.9445225910564823, 2.089510729686116, 2.3199085167303988, 2.5108398117211093, 2.6965627413387274, 2.820290299675361, 2.9261114101923957, 2.979732414366994, 3.0623729714616594, 3.0987759355463824]","(saveat = 2, save_idxs = 2)","(:S₀, :α)",5d4741fc44080a9c5d69a651d9f23963fcec89f4,scripts/increasing-tspan.jl#58,poisson,"(n = 100,)","(S₀ = Uniform{Float64}(a=0.1, b=0.9), β = Uniform{Float64}(a=0.3, b=3.0), α = Uniform{Float64}(a=0.05, b=0.3))","/home/brendaisy/OneDrive/Bren/Documents/optimal-test-design/data/sims/increasing-tspan/obs_model=poisson || obs_params=(n=100,) || param_comb=(:S₀, :α) || θtrue=(S₀=0.6, β=1.25, α=0.2).jld2"
"(S₀ = 0.6, β = 1.25, α = 0.2)","Any[-2.681188604469753e-17, 0.3721614352423343, 1.3029172079399074, 1.902252592436515, 2.2824517055703866, 2.637524681436576, 2.929489654775092, 3.161846694950251, 3.3138294889646267, 3.441140865708336, 3.5074436745715154, 3.5835654473310212, 3.6298265117432105, 3.655621554812414, 3.6643331066770535]","(saveat = 2, save_idxs = 2)","(:S₀, :β)",2a08ceded5a0094ef0bec102f819a3cb1d4ad27b,scripts/increasing-tspan.jl#58,poisson,"(n = 100,)","(S₀ = Uniform{Float64}(a=0.1, b=0.9), β = Uniform{Float64}(a=0.3, b=3.0), α = Uniform{Float64}(a=0.05, b=0.3))","/home/brendaisy/OneDrive/Bren/Documents/optimal-test-design/data/sims/increasing-tspan/obs_model=poisson || obs_params=(n=100,) || param_comb=(:S₀, :β) || θtrue=(S₀=0.6, β=1.25, α=0.2).jld2"
"(S₀ = 0.6, β = 1.25, α = 0.2)","Any[-2.5923707624997407e-17, 0.36748312884148393, 1.283089294567905, 1.9203527260802773, 2.309509857596762, 2.7082345763507147, 3.050040105476946, 3.3157650144625106, 3.5501700161795755, 3.738636391449004, 3.9365362895940725, 4.091440629423742, 4.210980641638333, 4.319432018469287, 4.429643531292955]","(saveat = 2, save_idxs = 2)","(:S₀, :β, :α)",2a08ceded5a0094ef0bec102f819a3cb1d4ad27b,scripts/increasing-tspan.jl#58,poisson,"(n = 100,)","(S₀ = Uniform{Float64}(a=0.1, b=0.9), β = Uniform{Float64}(a=0.3, b=3.0), α = Uniform{Float64}(a=0.05, b=0.3))","/home/brendaisy/OneDrive/Bren/Documents/optimal-test-design/data/sims/increasing-tspan/obs_model=poisson || obs_params=(n=100,) || param_comb=(:S₀, :β, :α) || θtrue=(S₀=0.6, β=1.25, α=0.2).jld2"
"(S₀ = 0.6, β = 1.25, α = 0.2)","Any[-2.781108676686017e-17, 0.49427867940980297, 1.291045512333033, 1.8479633025677296, 2.0847689695964324, 2.323503311914481, 2.70007117414228, 2.990342862263781, 3.218336276367351, 3.3614093511448426, 3.482036161722983, 3.561384509807948, 3.646234709614956, 3.6851302320253936, 3.7121924804904696]","(saveat = 2, save_idxs = 2)","(:β, :α)",2a08ceded5a0094ef0bec102f819a3cb1d4ad27b,scripts/increasing-tspan.jl#58,poisson,"(n = 100,)","(S₀ = Uniform{Float64}(a=0.1, b=0.9), β = Uniform{Float64}(a=0.3, b=3.0), α = Uniform{Float64}(a=0.05, b=0.3))","/home/brendaisy/OneDrive/Bren/Documents/optimal-test-design/data/sims/increasing-tspan/obs_model=poisson || obs_params=(n=100,) || param_comb=(:β, :α) || θtrue=(S₀=0.6, β=1.25, α=0.2).jld2"
"(S₀ = 0.6, β = 1.25, α = 0.2)","Any[0.0, 0.9612111380629165, 2.0556076623333266, 2.6718539744894816, 3.0310833743756223, 3.667209814282068, 4.303399071506023, 4.702327743156989, 4.950043143258179, 5.1152310555579135, 5.211884662907231, 5.309217561542008, 5.32474412809384, 5.414488333652352, 5.438399519531238]","(saveat = 2, save_idxs = 2)","(:S₀, :α)",5d4741fc44080a9c5d69a651d9f23963fcec89f4,scripts/increasing-tspan.jl#58,poisson,"(n = 1000,)","(S₀ = Uniform{Float64}(a=0.1, b=0.9), β = Uniform{Float64}(a=0.3, b=3.0), α = Uniform{Float64}(a=0.05, b=0.3))","/home/brendaisy/OneDrive/Bren/Documents/optimal-test-design/data/sims/increasing-tspan/obs_model=poisson || obs_params=(n=1000,) || param_comb=(:S₀, :α) || θtrue=(S₀=0.6, β=1.25, α=0.2).jld2"
"(S₀ = 0.6, β = 1.25, α = 0.2)","Any[0.0, 1.3898031386027123, 2.5183164456391367, 3.29853925657014, 4.2873827705229255, 5.058277203369598, 5.337055817858009, 5.500246975048885, 5.599009250198935, 5.666247031715116, 5.701006621860377, 5.734048434784651, 5.776685215184654, 5.799787134086995, 5.808550797356362]","(saveat = 2, save_idxs = 2)","(:S₀, :β)",4ffb0b2bac330f99c76f83fe70c54b9c8faf6bf8-dirty,scripts/increasing-tspan.jl#58,poisson,"(n = 1000,)","(S₀ = Uniform{Float64}(a=0.1, b=0.9), β = Uniform{Float64}(a=0.3, b=3.0), α = Uniform{Float64}(a=0.05, b=0.3))","/home/brendaisy/OneDrive/Bren/Documents/optimal-test-design/data/sims/increasing-tspan/obs_model=poisson || obs_params=(n=1000,) || param_comb=(:S₀, :β) || θtrue=(S₀=0.6, β=1.25, α=0.2).jld2"
"(S₀ = 0.6, β = 1.25, α = 0.2)","Any[0.0, 1.393144432784459, 2.5060756318703064, 3.2774915127375848, 4.299566582035799, 4.970593731870362, 5.368943661483602, 5.752642229535344, 6.3005619619139726, 6.76561335828625, 7.101011959087772, 7.32609575316994, 7.462830626780104, 7.6430135219119695, 7.741363044758486]","(saveat = 2, save_idxs = 2)","(:S₀, :β, :α)",4ffb0b2bac330f99c76f83fe70c54b9c8faf6bf8-dirty,scripts/increasing-tspan.jl#58,poisson,"(n = 1000,)","(S₀ = Uniform{Float64}(a=0.1, b=0.9), β = Uniform{Float64}(a=0.3, b=3.0), α = Uniform{Float64}(a=0.05, b=0.3))","/home/brendaisy/OneDrive/Bren/Documents/optimal-test-design/data/sims/increasing-tspan/obs_model=poisson || obs_params=(n=1000,) || param_comb=(:S₀, :β, :α) || θtrue=(S₀=0.6, β=1.25, α=0.2).jld2"
"(S₀ = 0.6, β = 1.25, α = 0.2)","Any[0.0, 1.3168142572643804, 2.4148622508320723, 3.023911695634957, 3.5392721378748258, 4.510155690481462, 5.015257115005453, 5.266372858810827, 5.440935226371486, 5.598399466721296, 5.69557175068991, 5.783560078357505, 5.837700631321551, 5.875707518539479, 5.932331683884668]","(saveat = 2, save_idxs = 2)","(:β, :α)",4ffb0b2bac330f99c76f83fe70c54b9c8faf6bf8-dirty,scripts/increasing-tspan.jl#58,poisson,"(n = 1000,)","(S₀ = Uniform{Float64}(a=0.1, b=0.9), β = Uniform{Float64}(a=0.3, b=3.0), α = Uniform{Float64}(a=0.05, b=0.3))","/home/brendaisy/OneDrive/Bren/Documents/optimal-test-design/data/sims/increasing-tspan/obs_model=poisson || obs_params=(n=1000,) || param_comb=(:β, :α) || θtrue=(S₀=0.6, β=1.25, α=0.2).jld2"
